start,coins,bars
2019-01-01 00:00:00+00:00,8,68074
2019-01-16 10:00:00+00:00,9,67704
2019-02-28 10:00:00+00:00,10,66672
2019-03-21 04:00:00+00:00,11,66174
2019-03-28 04:00:00+00:00,12,66006
2019-07-05 12:00:00+00:00,13,63622
2019-09-29 04:00:00+00:00,14,61566
2019-11-14 03:00:00+00:00,15,60463
2019-11-28 10:00:00+00:00,16,60120
2020-08-11 06:00:00+00:00,17,53956
2020-08-18 23:00:00+00:00,18,53771
2020-08-19 12:00:00+00:00,19,53758
2020-08-29 07:00:00+00:00,20,53523
2020-09-17 03:00:00+00:00,21,53071
2020-09-22 06:00:00+00:00,22,52948
2020-10-14 05:00:00+00:00,23,52421
2020-10-15 03:00:00+00:00,24,52399
2020-10-15 17:00:00+00:00,25,52385
2020-10-21 04:00:00+00:00,26,52254
2020-11-04 13:00:00+00:00,27,51909
2021-02-19 06:00:00+00:00,28,49348
2021-05-10 11:00:00+00:00,29,47423
2021-05-11 01:00:00+00:00,30,47409
2021-05-14 12:00:00+00:00,31,47326
2021-06-10 10:00:00+00:00,32,46680
2021-07-23 12:00:00+00:00,33,45646
2021-07-29 06:00:00+00:00,34,45508
2021-08-10 06:00:00+00:00,36,45220
2021-10-07 07:00:00+00:00,37,43827
2021-11-08 06:00:00+00:00,38,43060
2022-01-21 10:00:00+00:00,39,41280
2022-05-09 11:00:00+00:00,40,38687
2022-06-01 08:00:00+00:00,41,38138
2022-10-19 01:00:00+00:00,42,34785
2022-12-12 08:00:00+00:00,43,33482
2023-02-22 10:00:00+00:00,44,31752
2023-03-17 08:00:00+00:00,45,31202
2023-03-23 15:00:00+00:00,46,31051
2023-04-28 12:00:00+00:00,47,30190
2023-05-03 12:00:00+00:00,48,30070
2023-05-05 18:00:00+00:00,49,30016
2023-07-03 10:00:00+00:00,50,28608
2023-07-24 09:00:00+00:00,51,28105
2023-08-15 12:00:00+00:00,52,27574
2023-10-31 16:00:00+00:00,53,25722
2023-11-07 12:00:00+00:00,54,25558
2023-12-07 16:00:00+00:00,55,24834
2023-12-18 06:00:00+00:00,56,24580
2024-01-31 16:00:00+00:00,57,23514
2024-02-02 12:00:00+00:00,58,23470
2024-03-18 12:00:00+00:00,59,22390
2024-04-02 08:00:00+00:00,60,22034
2024-04-09 08:00:00+00:00,61,21866
2024-04-11 12:00:00+00:00,62,21814
2024-06-20 13:00:00+00:00,63,20133
2024-07-26 08:00:00+00:00,64,19274
2024-09-13 10:00:00+00:00,65,18096
2024-12-06 13:00:00+00:00,66,16077
2024-12-17 14:00:00+00:00,67,15812
2025-01-19 08:00:00+00:00,68,15026
2025-03-25 13:00:00+00:00,69,13461
2025-03-27 21:00:00+00:00,70,13405
2025-04-11 14:00:00+00:00,72,13052
