n_elig,n_lvl,n_dadf,n_dkpss,n_I1,n_cand,n_eg,n_raw05,n_bh,n_by,r0,r1,r2,n_vecm_ok,n_hl_ok,n_sel
38,38,38,38,38,341,341,43,6,0,0,4,2,4,4,4
38,38,38,38,38,463,463,71,4,0,0,4,0,4,4,4
38,38,38,38,38,476,476,51,1,0,0,1,0,1,1,1
38,38,38,38,38,452,452,62,13,4,0,13,0,13,13,13
38,38,38,38,38,437,437,46,5,1,0,5,0,5,5,5
38,37,38,37,37,420,420,44,4,3,0,0,4,0,0,0
38,14,38,35,13,31,31,0,0,0,0,0,0,0,0,0
38,34,38,38,34,205,205,15,0,0,0,0,0,0,0,0
38,36,38,37,35,194,194,19,0,0,0,0,0,0,0,0
38,36,38,37,35,155,155,7,0,0,0,0,0,0,0,0
38,37,38,38,37,143,143,9,1,0,0,1,0,1,1,1
38,35,38,38,35,149,149,5,0,0,0,0,0,0,0,0
38,31,38,38,31,144,144,20,0,0,0,0,0,0,0,0
38,36,38,36,34,224,224,27,4,3,0,4,0,4,4,4
38,31,38,34,29,202,202,41,5,3,0,5,0,5,5,5
38,37,38,38,37,297,297,33,7,0,0,6,1,6,6,6
38,36,38,38,36,311,311,31,0,0,0,0,0,0,0,0
38,35,38,37,34,262,262,22,0,0,0,0,0,0,0,0
38,31,38,36,29,200,200,10,0,0,0,0,0,0,0,0
38,34,38,37,33,175,175,15,0,0,0,0,0,0,0,0
38,37,38,21,20,22,22,5,0,0,0,0,0,0,0,0
38,37,38,37,36,119,119,6,0,0,0,0,0,0,0,0
38,38,38,38,38,90,90,11,2,0,0,2,0,2,2,2
38,38,38,38,38,103,103,3,1,0,0,1,0,1,1,1
38,36,38,37,36,176,176,12,0,0,0,0,0,0,0,0
38,35,38,38,35,199,199,13,3,0,0,1,2,1,1,1
38,38,38,38,38,285,285,33,6,0,0,6,0,6,6,6
38,38,38,37,37,345,345,12,0,0,0,0,0,0,0,0
38,33,38,36,31,346,346,66,32,14,0,27,5,27,27,20
38,35,38,38,35,440,440,61,17,4,0,4,13,4,4,4
38,38,38,38,38,486,486,46,0,0,0,0,0,0,0,0
38,37,38,31,30,279,279,24,1,0,0,0,1,0,0,0
38,37,38,36,35,411,411,41,3,0,0,2,1,2,2,2
38,37,38,36,35,433,433,47,3,0,0,3,0,3,3,3
38,38,38,38,38,503,503,27,0,0,0,0,0,0,0,0
38,38,38,36,36,479,479,40,5,0,0,5,0,5,5,5
38,37,38,35,34,423,423,35,3,1,0,3,0,3,3,3
38,36,38,38,36,534,534,148,72,15,0,70,2,70,70,20
38,38,38,38,38,560,560,62,14,0,0,14,0,14,14,14
38,29,38,36,27,231,231,15,7,2,0,0,7,0,0,0
38,29,38,37,28,253,253,11,0,0,0,0,0,0,0,0
38,33,38,38,33,310,310,8,0,0,0,0,0,0,0,0
38,33,38,35,31,267,267,11,0,0,0,0,0,0,0,0
38,36,38,37,35,294,294,13,0,0,0,0,0,0,0,0
38,37,38,36,35,302,302,12,0,0,0,0,0,0,0,0
38,37,38,38,37,334,334,36,0,0,0,0,0,0,0,0
38,37,38,37,36,315,315,21,0,0,0,0,0,0,0,0
38,37,38,37,37,314,314,52,5,0,0,5,0,5,5,5
38,38,38,38,38,261,261,38,1,1,0,1,0,1,1,1
38,36,38,37,35,262,262,31,0,0,0,0,0,0,0,0
38,37,38,37,36,260,260,20,0,0,0,0,0,0,0,0
38,27,38,38,27,122,122,9,0,0,0,0,0,0,0,0
38,37,38,38,37,166,166,10,0,0,0,0,0,0,0,0
