pair,Windows,Median half-life (d),Share still coint.,Mean net P&L
DOGE / LTC,4,2.65,0%,4.44%
AXS / XRP,3,2.39,0%,-6.23%
GTC / NMR,3,1.92,100%,2.85%
AVAX / SHIB,3,2.03,33%,0.00%
AXS / HBAR,3,2.64,0%,0.70%
AXS / FIL,3,2.0,0%,2.22%
DOT / TRB,2,1.75,0%,-11.70%
DOT / SHIB,2,2.01,0%,-4.55%
DOT / NEAR,2,2.35,0%,0.75%
DOGE / INJ,2,1.85,50%,2.19%
AXS / NEAR,2,1.84,50%,2.67%
DOT / NMR,2,2.11,100%,5.46%
NEAR / SHIB,2,2.11,0%,-2.01%
ADA / NEAR,2,2.73,50%,5.67%
AR / TRB,2,2.73,0%,0.00%
DOT / XRP,2,2.52,0%,-3.38%
AXS / DOT,2,2.59,0%,-1.68%
C98 / DOGE,1,3.64,100%,0.00%
BCH / DOT,1,1.8,0%,-10.82%
CAKE / DOGE,1,3.52,0%,0.00%
DOT / MOVR,1,1.6,0%,4.31%
ICP / XRP,1,2.47,0%,8.85%
AXS / DASH,1,2.31,100%,0.00%
C98 / FET,1,5.32,0%,-6.14%
HBAR / XRP,1,2.71,100%,0.00%
DOGE / ETC,1,3.78,0%,0.00%
DASH / FIL,1,2.6,0%,1.22%
DOGE / FIL,1,4.39,0%,0.00%
ADA / ETC,1,2.3,0%,-0.61%
ICP / LINK,1,1.56,0%,-14.00%
AAVE / BCH,1,1.83,0%,-1.90%
C98 / LTC,1,3.25,0%,0.00%
RAY / XRP,1,3.45,100%,3.45%
MINA / TRB,1,2.43,0%,-0.75%
AR / NMR,1,2.2,0%,7.97%
AR / DOT,1,2.56,0%,0.00%
AXS / ICP,1,1.75,0%,-12.68%
AXS / DOGE,1,4.28,0%,0.00%
AVAX / BCH,1,2.3,0%,-10.38%
DOT / MINA,1,2.72,0%,3.88%
FIL / TRB,1,2.25,0%,-24.72%
GTC / LINK,1,2.08,0%,2.93%
ETC / RLC,1,1.34,0%,4.92%
AXS / TRB,1,2.13,0%,-28.31%
ICP / SHIB,1,2.75,0%,-2.86%
NEAR / TRB,1,2.52,0%,-4.73%
DOGE / QNT,1,4.36,0%,0.00%
DASH / TRB,1,3.08,0%,-11.72%
BCH / ETH,1,2.5,0%,-1.27%
MOVR / TRB,1,1.73,0%,2.02%
FIL / ZEC,1,2.97,0%,-10.27%
ADA / TRB,1,2.59,0%,-21.24%
DOT / FET,1,1.61,0%,-11.38%
LINK / XRP,1,3.37,0%,8.53%
DOGE / LINK,1,5.43,0%,0.00%
ETC / NEAR,1,2.12,0%,-0.20%
ADA / AR,1,2.56,100%,0.00%
BCH / ETC,1,2.17,0%,-4.24%
DASH / NMR,1,2.31,100%,0.00%
AVAX / DOGE,1,4.44,100%,0.00%
FET / TRB,1,2.88,0%,-1.44%
AVAX / MOVR,1,2.69,0%,-9.38%
LTC / SHIB,1,2.92,0%,-27.12%
ICP / MINA,1,2.17,0%,-5.06%
GTC / ZEC,1,2.34,0%,-8.85%
DASH / SHIB,1,3.44,100%,0.00%
ADA / FIL,1,2.58,100%,0.00%
DOGE / GTC,1,1.87,100%,18.82%
LTC / XRP,1,2.92,0%,-0.60%
MOVR / NMR,1,2.32,0%,3.46%
AR / NEAR,1,2.65,0%,6.21%
ADA / INJ,1,2.54,0%,-4.86%
FET / RLC,1,6.27,0%,-3.43%
MOVR / SHIB,1,2.33,0%,2.61%
DOT / HBAR,1,2.05,0%,10.33%
ADA / HBAR,1,2.7,100%,4.84%
TRB / XRP,1,2.31,0%,-5.28%
AXS / MOVR,1,2.62,0%,-13.09%
BCH / INJ,1,3.36,0%,8.83%
DASH / FET,1,3.1,0%,-3.69%
NEAR / NMR,1,2.58,100%,0.00%
HBAR / RLC,1,4.2,0%,0.70%
FET / MINA,1,7.32,0%,0.00%
RAY / SHIB,1,3.32,0%,-16.92%
AVAX / XRP,1,2.5,100%,6.81%
CAKE / LTC,1,3.21,0%,7.90%
AXS / ETC,1,3.41,0%,0.54%
C98 / NMR,1,2.62,100%,9.91%
ETC / XRP,1,1.95,0%,4.61%
FET / NEAR,1,3.51,0%,0.11%
FIL / RLC,1,2.48,0%,5.46%
AAVE / NEAR,1,1.99,0%,-5.23%
ADA / SHIB,1,2.46,0%,-10.30%
C98 / GTC,1,2.01,100%,18.35%
DASH / DOT,1,2.4,0%,3.91%
BTC / FET,1,2.07,0%,-0.04%
BCH / LTC,1,2.79,0%,2.97%
MINA / NMR,1,2.71,100%,2.24%
AR / SHIB,1,2.17,0%,-0.64%
DOGE / DOT,1,5.56,0%,0.00%
DASH / MINA,1,2.13,0%,1.16%
AXS / SHIB,1,2.09,0%,-7.03%
AXS / GTC,1,2.08,0%,0.00%
BCH / DOGE,1,2.81,0%,-2.07%
LTC / RLC,1,4.03,0%,0.00%
BCH / C98,1,7.06,0%,0.00%
