window,trade_start,y,x,p_eg,b,adj,half_life_days,mu,sd,pass_BY,n_trades,pnl_static,p_oos,coint_oos,oos_sd_ratio,oos_mean_shift,frac_beyond_stop,half_life_oos_days
0,2022-05-07 06:00:00+00:00,DOTUSDT,TRBUSDT,4.323306418082752e-05,0.7336567518379771,-0.014288857309267107,1.9281603424174625,0.7176852922884505,0.0491254717006281,False,19,-0.23579258088305394,0.25009557672622024,False,1.5433073361913903,-2.5015631163619703,0.19694868238557559,1.0986049456202402
0,2022-05-07 06:00:00+00:00,RLCUSDT,FILUSDT,0.0007395374463232269,0.7596397744162741,-0.011014312906726059,2.477747232244492,-1.615375612820817,0.06383361513295328,False,4,0.05457845926553618,0.4927776064027632,False,1.1361983862965004,-1.6091930966135541,0.030513176144244106,1.7215020467300246
0,2022-05-07 06:00:00+00:00,DOGEUSDT,LTCUSDT,0.00040074520162846743,0.7258227074899369,-0.009968064681447359,2.8582239514204475,-5.410471934804968,0.0634832612257253,False,1,0.007041979348824896,0.37276712276001067,False,0.8748327839440055,-1.4695914810604336,0.0,1.8990199842889757
0,2022-05-07 06:00:00+00:00,SHIBUSDT,LTCUSDT,0.0002373479361672176,0.9336655202972987,-0.010232411922346507,2.9194249105196657,-15.021906541723286,0.07298788668031085,False,28,-0.2711811070139686,0.13413382006714358,False,0.881613067709239,-3.3718929728957483,0.20110957004160887,1.6956784591279928
1,2022-06-06 06:00:00+00:00,LINKUSDT,ICPUSDT,3.914717519992111e-05,0.8898222511175181,-0.017487549931954408,1.558205138415062,0.11484202759854148,0.04450950850304426,False,10,-0.14002706837696302,0.0758247372229373,False,1.472785244860019,5.475106660537852,0.9181692094313454,1.7756287494202843
1,2022-06-06 06:00:00+00:00,TRBUSDT,FILUSDT,0.00011444429320501347,0.8014170481429912,-0.012200650409428193,2.2456559121552457,0.6391137001608121,0.06839199729871545,False,1,-0.24723867938926553,0.09831634092903435,False,1.6180388065560887,5.776627216597265,0.9445214979195562,0.8322285220142295
1,2022-06-06 06:00:00+00:00,DOTUSDT,FETUSDT,0.0001830517714374907,0.850504793855297,-0.015650032892832906,1.60551818204912,3.8390804911723975,0.059892240999897935,False,6,-0.11382791482692667,0.3807101166914384,False,2.5432431303545524,3.4596981291189124,0.6477115117891817,9.062399852904973
1,2022-06-06 06:00:00+00:00,TRBUSDT,AXSUSDT,0.00011760401459120951,0.7718324553971158,-0.012806095983279593,2.133428328322968,-0.003218674382460448,0.07211612016692108,False,17,-0.2830636662905027,0.11788844962154271,False,1.6252300762070064,4.7142717145975235,0.7253814147018031,0.9344890099069013
2,2022-07-06 06:00:00+00:00,AXSUSDT,HBARUSDT,6.253750248055387e-05,1.1283325583207386,-0.011292870431494738,2.5207494776618,5.693645831997828,0.07253618517027045,False,1,-3.9726829679329057e-05,0.20758577515351967,False,0.7079284567485081,1.3047805966352592,0.0,1.8081536022950047
3,2022-08-05 06:00:00+00:00,DOTUSDT,XRPUSDT,0.00015771359102317905,1.1179991256934128,-0.009712310170816838,2.8802277127190306,3.2315887940816275,0.06450067742699961,False,0,0.0,0.06995732057857165,False,0.7541624232352901,0.14234482153927316,0.0,3.7042712552260166
3,2022-08-05 06:00:00+00:00,LTCUSDT,XRPUSDT,0.00028433142905165453,0.9115635999350948,-0.009538473336161573,2.922020398139312,4.978393730907925,0.052301378922932414,False,1,-0.006008954441254292,0.7945662700023473,False,0.6307606886083876,0.6925083088731815,0.0,2.1909334019422224
3,2022-08-05 06:00:00+00:00,LINKUSDT,XRPUSDT,0.00019050246845259987,0.988784403276132,-0.008516193207382911,3.371437979713176,2.940609068421156,0.07168756394332192,False,1,0.08531911174527311,0.08741948197545563,False,0.9557928649156158,1.564420333937026,0.0,5.912133902222585
3,2022-08-05 06:00:00+00:00,GTCUSDT,LINKUSDT,0.00011671623842992566,1.2023357358628235,-0.013501906017095893,2.082141077331481,-1.365325131986141,0.06939002977098666,False,1,0.029302979766977752,0.08510520702935898,False,0.7637206893523003,-1.489407392542553,0.0,1.6122824218567766
3,2022-08-05 06:00:00+00:00,HBARUSDT,XRPUSDT,2.1849817307195697e-05,1.3713667878961262,-0.010307910793754234,2.708843013134066,-1.1847918185521629,0.07355029770044413,True,0,0.0,0.03351050071942771,True,0.40521603025331226,-0.5472442620133265,0.0,1.0715857784435985
3,2022-08-05 06:00:00+00:00,AVAXUSDT,XRPUSDT,0.0005932312311356288,1.7333251366056033,-0.010698985918526081,2.4992861152171435,4.854350612810689,0.08150300771889851,False,1,0.0680963758811384,0.01873039713788141,True,0.8228783583031158,1.411841809129304,0.0,3.286781688929142
3,2022-08-05 06:00:00+00:00,AXSUSDT,HBARUSDT,0.00014126365601741653,1.0928524619639246,-0.010672028392350156,2.640516831569685,5.636313378790232,0.07262106926529903,False,1,0.021139503870816263,0.48374048093745986,False,0.6125380740336951,0.3715112092916908,0.0,2.5411158210437472
3,2022-08-05 06:00:00+00:00,RAYUSDT,XRPUSDT,5.958660559583991e-05,1.620493634404219,-0.00750908067711116,3.4500397948889643,1.4875486730692724,0.10761687094663624,True,1,0.034500151707736834,0.041561528059194844,True,0.42659744734044375,-0.7580815207146218,0.0,1.7465656849451239
3,2022-08-05 06:00:00+00:00,RAYUSDT,SHIBUSDT,0.0005605760730035735,1.4410088834453563,-0.00833994552465018,3.3221574956290176,16.318837360760547,0.11486001951338629,False,14,-0.16921130894371422,0.9284375912298016,False,1.3351841541694476,-3.352582941545702,0.4604715672676838,6.186361472979332
3,2022-08-05 06:00:00+00:00,AXSUSDT,XRPUSDT,9.477282772769775e-07,1.5026273555206535,-0.012067378929028393,2.386635183194833,4.344008680289243,0.08600711699829151,True,1,0.08058324297161043,0.09978635914236506,False,0.6270190669839772,-0.17937754680749088,0.0,2.8716923459844605
3,2022-08-05 06:00:00+00:00,ICPUSDT,XRPUSDT,9.096537940376337e-06,1.3052360603605955,-0.011312073298177891,2.4731501645055904,3.2413467869037738,0.0840773044451706,True,1,0.08851465888811023,0.2760234203023368,False,0.7127763354254556,0.8436283680704074,0.0,2.5348219918009174
3,2022-08-05 06:00:00+00:00,ICPUSDT,SHIBUSDT,0.00011795872384399214,1.1577302504904592,-0.01026658928978093,2.746422847179481,15.154945352980414,0.09252418170804068,False,4,-0.028557976332834363,0.8487630267418584,False,1.5975373864783144,-1.8831105414071663,0.005547850208044383,5.793266542329842
3,2022-08-05 06:00:00+00:00,BTCUSDT,FETUSDT,0.0008686113524485173,0.4558083635669903,-0.012725302441679163,2.065444282385262,11.113026382168119,0.03994094268738504,False,1,-0.00041875633534530117,0.15074759104914126,False,0.9455088864316992,-0.645555867863697,0.0,6.035639018384129
4,2022-09-04 06:00:00+00:00,HBARUSDT,DOTUSDT,0.0004021638729034602,1.1714585614212767,-0.013280029483665495,2.045212073937408,-5.043368026011063,0.052133082779545224,False,2,0.10334093646393949,0.1061580375424262,False,1.1585567212385524,-0.18809082620708537,0.0,3.551475589378615
4,2022-09-04 06:00:00+00:00,AXSUSDT,DOTUSDT,0.0004913649515465439,1.282368893381672,-0.009097130821401471,3.2101116923775574,0.12572553869323688,0.08078779468124889,False,0,0.0,0.07156987131264612,False,0.5981208386400196,-0.17289551355686483,0.0,3.4163436922490873
4,2022-09-04 06:00:00+00:00,AXSUSDT,HBARUSDT,0.0001459488060354523,1.0959314167522916,-0.010138125518610742,2.786649001126506,5.6494115204320945,0.07269197541992811,False,0,0.0,0.07400229148403817,False,0.5605425319524708,-0.034944546182128895,0.0,1.4308511120665128
4,2022-09-04 06:00:00+00:00,AXSUSDT,XRPUSDT,9.33754031943556e-05,1.4896473594359447,-0.01065823365786643,2.6766304913070695,4.320617014974702,0.07590045713011764,False,5,-0.11577516636387618,0.22119528399728927,False,3.5532896464432513,-4.75570875080786,0.507628294036061,12.25292436263109
4,2022-09-04 06:00:00+00:00,AXSUSDT,DASHUSDT,1.450838174678594e-05,1.395844490838397,-0.012555531544968713,2.3108600429799018,-2.6538133310473624,0.07995309967921772,True,0,0.0,0.03370788866036078,True,0.3931513755461066,-0.523814669072059,0.0,1.5967648742563734
10,2023-03-03 06:00:00+00:00,SHIBUSDT,AVAXUSDT,0.00019003116251179461,0.8137205173773159,-0.014878445625972188,1.8367105002032496,-13.70188111400432,0.04507249911312395,False,0,0.0,0.0894227933831192,False,0.9124224331686244,-0.4456314852738732,0.0,3.0529528832103434
13,2023-06-01 06:00:00+00:00,BCHUSDT,DOTUSDT,3.283241180971288e-06,0.7247089634757068,-0.015760948770461625,1.795880866269675,3.5168625936415894,0.02476366394849027,True,1,-0.10817316097502139,0.9907750726585273,False,12.342615609807323,9.099244938607269,0.3342579750346741,inf
13,2023-06-01 06:00:00+00:00,AAVEUSDT,NEARUSDT,0.0007402568674160168,0.7720647868232244,-0.01356796735264134,1.9922268059655692,3.7689443339633484,0.03367338516557082,False,5,-0.0523253311696936,0.4116509497711817,False,1.6730861736964855,1.4766371696523648,0.08599167822468794,4.252897745312562
13,2023-06-01 06:00:00+00:00,BCHUSDT,AAVEUSDT,4.379585971645143e-05,0.6343026465891451,-0.015233442210461528,1.8298143048241657,2.0816289977811047,0.026711061466533726,True,5,-0.019001965150179677,0.8665923156690561,False,10.867886739379713,8.731494054311643,0.34535367545076284,inf
13,2023-06-01 06:00:00+00:00,BCHUSDT,AVAXUSDT,9.457437337610577e-05,0.5358511140388544,-0.01232683633134052,2.3011564623007312,3.3022678668301606,0.0296078116417418,True,1,-0.10377229755688634,1.0,False,10.708004329532733,7.453126868851199,0.3342579750346741,inf
14,2023-07-01 06:00:00+00:00,NEARUSDT,AXSUSDT,1.5233991611642297e-05,0.9078179249462068,-0.016085625180169916,1.7149484037086753,-1.2575052971056995,0.04349091958858134,True,1,0.053469047964694566,0.034757108008905115,True,0.481155195972494,-1.1366284810525973,0.0,0.6744994713765227
14,2023-07-01 06:00:00+00:00,NEARUSDT,TRBUSDT,0.00011798948026603705,1.041462872354835,-0.011143765244358969,2.522999200977014,-2.093692043502664,0.059471568557949626,True,4,-0.047267610375773386,0.5618302232411695,False,1.3345078160609942,-1.2109384065924012,0.022191400832177532,8.632739703828552
14,2023-07-01 06:00:00+00:00,NEARUSDT,ARUSDT,0.00029846430076214985,0.8316047118380099,-0.010302273590116233,2.653035700704254,-1.097171004787623,0.05642889112830496,False,1,0.0620907264793386,0.726639786442031,False,0.7808086371316478,-0.3172285832563128,0.0,2.928046852682001
14,2023-07-01 06:00:00+00:00,NEARUSDT,SHIBUSDT,9.871652627640641e-05,1.0737076278439863,-0.012459461974093769,2.2088660508788545,12.984134845199248,0.0533359885058381,True,1,0.0071398858475727215,0.7080699705439063,False,0.8442838635860764,-0.11386823740418946,0.0,3.4038642038672884
14,2023-07-01 06:00:00+00:00,SHIBUSDT,ARUSDT,0.000894351521197848,0.7761929176301707,-0.012052059406494781,2.170132027156478,-13.118135041847276,0.04731356896067543,False,1,-0.006418451569702109,0.6577675535929662,False,0.8912178726867739,-0.22147630513086464,0.0,6.831678876053417
15,2023-07-31 06:00:00+00:00,AXSUSDT,NEARUSDT,0.0006742217857162011,1.0236294908843746,-0.013938930137083512,1.9568684389393696,1.4337787520720622,0.03911316821324647,False,0,0.0,0.584544843025103,False,0.760080683893576,0.35032159215575964,0.0,2.7576183492618718
15,2023-07-31 06:00:00+00:00,MINAUSDT,DASHUSDT,0.0010627866259547258,0.998345819241324,-0.012305780126541531,2.131367865427334,-4.293644189109652,0.052216301075485395,False,1,0.011610230316107972,0.754117882435399,False,0.9242132964015666,1.4133906601359394,0.0,5.269670177033527
15,2023-07-31 06:00:00+00:00,SHIBUSDT,NEARUSDT,0.00030263324282619867,0.9561989774752275,-0.013123526231318981,2.0151853987570916,-12.099318002979409,0.040215149731043794,False,2,-0.047292344245291086,0.6719779549989575,False,1.9991881335006014,5.998736892138391,0.8446601941747572,3.8629202046265676
15,2023-07-31 06:00:00+00:00,AXSUSDT,SHIBUSDT,0.001107542556053268,1.069744345299398,-0.012312346496525926,2.088899385339408,14.377378767388743,0.046713067045709315,False,4,-0.07031737360152614,0.3745154380268083,False,1.6752091467355792,-5.236440460898527,0.8224687933425797,2.8295513927358615
15,2023-07-31 06:00:00+00:00,FETUSDT,DASHUSDT,0.0004964026721795104,1.0160186435463419,-0.009092516870594801,3.101387751269384,-5.114816497149595,0.08583577057805196,False,1,-0.03694159744540586,0.22924059550745607,False,1.3100334834928753,1.1162993961775505,0.0,41.382081246039
15,2023-07-31 06:00:00+00:00,NEARUSDT,FETUSDT,0.0006894385780811669,0.7354983362830482,-0.008298268682771658,3.5138579671698253,1.457676831046608,0.07422208443683981,False,1,0.0011133219814070394,0.8106787337449038,False,1.043761251667868,-0.6843469996412815,0.0,14.114029742821415
22,2024-02-26 06:00:00+00:00,SHIBUSDT,ADAUSDT,0.0007799704479456147,0.368813623004762,-0.010735966955894,2.464960462462655,-11.321644621539114,0.037457260921565996,False,2,-0.10300639347026061,0.7461611515658867,False,9.419532868444684,23.38266843345471,0.9042995839112344,4.3089084386347105
22,2024-02-26 06:00:00+00:00,SHIBUSDT,DOTUSDT,0.0007896934176072154,0.46708142909607614,-0.011441735756887792,2.3220559762918915,-12.47072660759562,0.034203628768199726,False,2,-0.09109990774023549,0.3830678741309221,False,9.691815068511888,24.20254081890771,0.9042995839112344,3.9934027561098966
23,2024-03-27 06:00:00+00:00,LTCUSDT,DOGEUSDT,0.00035000542336179595,0.32424435098286064,-0.012444981396769965,2.27582846409602,5.066900003076961,0.03533599704123298,False,3,0.12796244410142965,0.2426523267709435,False,2.02586978001164,0.3347474794545381,0.015256588072122053,4.54069619528076
25,2024-05-26 06:00:00+00:00,LTCUSDT,DOGEUSDT,0.000710635069281513,0.3491939083647008,-0.01075331909004154,2.714308073625204,5.109666837140262,0.042121488283622464,False,1,-0.028057172244395325,0.40422461439646185,False,0.440158676381343,-1.4048520439441154,0.0,3.3055175044607314
26,2024-06-25 06:00:00+00:00,DOTUSDT,AXSUSDT,0.00042675874739631027,0.8854869942612013,-0.013486909397005665,1.9731687236372804,0.16685726666695366,0.036852908381912027,False,11,-0.03361197672603193,0.1291565312402022,False,1.593801961124213,2.488996469941828,0.23439667128987518,5.141085915270099
26,2024-06-25 06:00:00+00:00,DASHUSDT,FILUSDT,2.8938665295068283e-05,0.5661426345136806,-0.010939143593477167,2.6036184799348594,2.3621730926440656,0.04829195925015226,False,1,0.012177252242556398,0.45489005442084623,False,0.9843784056586492,0.8345847375642619,0.0,2.5671274715361143
26,2024-06-25 06:00:00+00:00,XRPUSDT,DOTUSDT,0.000303566747693886,0.5294598590151289,-0.012823563255948835,2.1657404030829723,-1.6683787826816419,0.03284548891905145,False,9,-0.06750545189578544,0.9885192566932528,False,3.5916458375242857,0.5461107479370444,0.29542302357836336,inf
26,2024-06-25 06:00:00+00:00,XRPUSDT,AXSUSDT,0.00015495699398960762,0.4702302288372815,-0.013557576743643815,2.0495945078102307,-1.5829703410284117,0.034271628898486735,False,11,-0.15177326863415908,0.951310554886979,False,2.9913524026145155,1.9544683498137365,0.3231622746185853,101.60671383691239
26,2024-06-25 06:00:00+00:00,ZECUSDT,FILUSDT,0.0001581088817937912,0.5415273457157813,-0.009667119030593802,2.9749822448694334,2.2005532869193885,0.06559074515768741,False,3,-0.10268293337934054,0.8889053830598311,False,2.5983200450551127,2.8968700435846193,0.39667128987517336,19.060037729629236
26,2024-06-25 06:00:00+00:00,ZECUSDT,GTCUSDT,0.00023990543923952046,0.5789167875293872,-0.011819611931955309,2.3407834006300963,3.018400173219686,0.057243746339405766,False,3,-0.08847063871749777,0.9540647765778005,False,3.489353785983464,3.971935654437173,0.49930651872399445,16.211798908407165
28,2024-08-24 06:00:00+00:00,DOGEUSDT,C98USDT,5.960274957856601e-07,0.45804295136839596,-0.007911989409121842,3.637217935260613,-1.304783342987871,0.11769574539434378,True,0,0.0,0.01184174624790512,True,0.15541122146804554,0.014601255739984415,0.0,0.777169206905557
28,2024-08-24 06:00:00+00:00,DOGEUSDT,CAKEUSDT,7.268344881325784e-06,0.5906651683796108,-0.008221249347081428,3.5171441438245528,-2.5315967812115265,0.1047427839966408,True,0,0.0,0.24073119096870066,False,0.19726739372642788,-0.8527078167419004,0.0,1.0881649241346727
28,2024-08-24 06:00:00+00:00,DOGEUSDT,LTCUSDT,1.147958364856123e-05,1.3509186460275255,-0.011153835076380385,2.5866884080553243,-7.864378958901371,0.07307580701706856,True,1,0.07051910451429773,0.48405962702426575,False,0.6168068461376349,-0.5159144121856878,0.0,2.550896218807736
28,2024-08-24 06:00:00+00:00,C98USDT,FETUSDT,2.159388565462899e-05,1.0897650835347392,-0.005411624853888851,5.317886532316236,-2.0513907706417083,0.19191510406267026,True,1,-0.06139960848567827,0.05222123333260156,False,0.4728476182912007,-1.8559132628786768,0.0,3.2375285145700463
28,2024-08-24 06:00:00+00:00,DOGEUSDT,ETCUSDT,2.882666473532957e-05,0.955841958845016,-0.007702222822851908,3.779851395620316,-5.090236418264829,0.09603503082538126,True,0,0.0,0.3740026617168981,False,0.22175329365188398,0.20112578991980679,0.0,1.6920996049611723
28,2024-08-24 06:00:00+00:00,DOGEUSDT,FILUSDT,3.0000824868565468e-05,0.5728345791232835,-0.0065902923445251005,4.390951379564416,-2.968089506359256,0.12312805444456555,True,0,0.0,0.48445374569377264,False,0.1731920318185763,-0.42368581783492837,0.0,1.6199927529850526
28,2024-08-24 06:00:00+00:00,LTCUSDT,C98USDT,5.130593257516314e-05,0.3225270291343549,-0.008840774183636553,3.254673721715615,4.831779332490616,0.05689299351961193,True,0,0.0,0.6065708971441034,False,0.5105264345348725,0.3099150998259048,0.0,2.076513712676318
28,2024-08-24 06:00:00+00:00,DOGEUSDT,AXSUSDT,8.830821896162168e-05,0.6723274687436223,-0.006718225600549558,4.2847915483521986,-3.2935043619168827,0.11280313294904425,True,0,0.0,0.2812159284274258,False,0.174065749322504,-0.2653947038216663,0.0,1.216934960964164
28,2024-08-24 06:00:00+00:00,DOGEUSDT,QNTUSDT,0.00012540413147133178,0.7630025441932192,-0.006508955709012701,4.362616812209406,-5.412133709776479,0.11672693229876177,True,0,0.0,0.09147212725917259,False,0.3838793491652878,-0.7947006849911471,0.0,2.8318066356675637
28,2024-08-24 06:00:00+00:00,FILUSDT,AXSUSDT,0.00018270277140464781,1.2097269240189352,-0.0113684482514433,2.4902950017557113,-0.6392285867614105,0.05540911008679947,True,1,0.03570591160013999,0.45479280265634514,False,0.45256093660063246,0.9792708165686346,0.0,1.6248621550016884
28,2024-08-24 06:00:00+00:00,DOGEUSDT,LINKUSDT,0.00019704255629765882,0.9931290667324015,-0.005361739729587072,5.425920625061551,-4.654780268139462,0.13692237195084908,True,0,0.0,0.2300971572066568,False,0.2070201273434442,-0.010797630638357623,0.0,2.128644842436214
28,2024-08-24 06:00:00+00:00,DOGEUSDT,AVAXUSDT,0.00022003944819747935,0.6354516205867888,-0.006561673015205396,4.442775255948343,-4.202705910437795,0.11034227956959441,True,0,0.0,0.018720472209650382,True,0.20423527459545834,-0.9285069819107601,0.0,1.3366272303158084
28,2024-08-24 06:00:00+00:00,FETUSDT,RLCUSDT,0.0003707678654862502,1.1325186423362597,-0.004764436416720883,6.27424805842648,-0.5143275159860553,0.18093333052415805,False,1,-0.034319725856963704,0.9193733941654676,False,0.5788658847971363,1.58831271023754,0.0,5.226204189633207
28,2024-08-24 06:00:00+00:00,HBARUSDT,RLCUSDT,0.0005055316509918776,0.7825656225384386,-0.007341593164171266,4.201573932334125,-3.165205995520781,0.07499680121056436,False,1,0.0070383513870879676,0.21757129062768077,False,0.26465144088417686,-1.704574198451723,0.0,1.2445138120104986
28,2024-08-24 06:00:00+00:00,MINAUSDT,FETUSDT,0.0005129776653084653,0.9379555212719742,-0.004068168946200959,7.321434576003597,-0.8154482966811103,0.20933174614339248,False,0,0.0,0.12331058620503255,False,0.4293079623249722,-1.1135315754366935,0.0,4.206155555896541
28,2024-08-24 06:00:00+00:00,LTCUSDT,CAKEUSDT,0.0006056887705321283,0.42321556084657813,-0.008952901105985475,3.2142494453734405,3.960938540472007,0.05144802741772993,False,1,0.07903351043210521,0.5589960152607877,False,0.568295276071209,-0.8482001486515639,0.0,2.1084013825712895
28,2024-08-24 06:00:00+00:00,DOGEUSDT,DOTUSDT,0.0010607148613872293,0.7639368536484177,-0.005198358432625647,5.556460343139346,-3.4369024187576516,0.125956196940502,False,0,0.0,0.6785589718318038,False,0.18209776450359808,0.32006210792189443,0.0,2.06751327933151
28,2024-08-24 06:00:00+00:00,AXSUSDT,GTCUSDT,0.0012540159665484696,0.7145490742299806,-0.013157614156727086,2.08492428868074,1.845613081686443,0.04639258538794922,False,0,0.0,0.272515858054301,False,0.525183675397815,0.9663430844804644,0.0,1.4370487773122997
28,2024-08-24 06:00:00+00:00,LTCUSDT,RLCUSDT,0.0016861692447101403,0.38720656396208863,-0.007197255668625509,4.031828539622638,3.9996409209325017,0.06333786934728905,False,0,0.0,0.5749551166331628,False,0.45727848998522497,-0.031568288278930705,0.0,2.1514788480322955
28,2024-08-24 06:00:00+00:00,BCHUSDT,C98USDT,0.0018048483073267653,0.41843758294747024,-0.004067196626720925,7.059957704604387,6.663916419382331,0.14999690843783145,False,0,0.0,0.09833092907246843,False,0.16368936321942448,0.12070655137498532,0.0,1.4648721816340322
29,2024-09-23 06:00:00+00:00,AXSUSDT,ETCUSDT,0.0006202689759222464,1.1754665207408828,-0.008390717014094183,3.413658117970398,-1.8905959530976617,0.052033599443853225,False,1,0.005449114438445539,0.4512928528054683,False,0.6088444069859641,0.14550708687019648,0.0,1.9633292292413245
29,2024-09-23 06:00:00+00:00,DOGEUSDT,BCHUSDT,0.0016060495913335466,1.018784228544362,-0.009838734189113896,2.809009593587794,-8.167684499762306,0.055958054631783286,False,10,-0.020735171156805565,0.6525279261143511,False,1.1593730971088108,1.4730191415501377,0.0319001386962552,4.844689558156852
29,2024-09-23 06:00:00+00:00,LTCUSDT,BCHUSDT,0.0008916907016684346,0.6801593028700758,-0.010337565138941674,2.786707647091681,0.2187531895358271,0.03955359970972069,False,1,0.029656393330710927,0.13650468075038896,False,0.5714930839451378,0.7333988640915875,0.0,1.5226185309709896
29,2024-09-23 06:00:00+00:00,INJUSDT,BCHUSDT,0.0004679740724340803,0.8601696767160348,-0.008846627389708742,3.3647361529897886,-2.036676972676553,0.08381722388312747,False,1,0.08829923752182675,0.38853447530720847,False,0.5588455334931478,0.9020057110142814,0.0,1.4729636778905142
32,2024-12-22 06:00:00+00:00,AXSUSDT,FILUSDT,7.577625260364944e-05,0.8841654192928788,-0.013507947372240824,1.9958462629440614,0.4291775802859546,0.03781583290781902,False,1,-0.0122513891611294,0.7944388041950292,False,0.8778061915986439,-0.9516858440517417,0.0,3.5215466228737546
32,2024-12-22 06:00:00+00:00,MOVRUSDT,AVAXUSDT,0.00022368321219152915,0.8636917766952606,-0.010852755108026755,2.6920877078486476,-0.5346953077348271,0.06605212966937297,False,4,-0.09381898389272607,0.98699941832489,False,1.2667304714752126,-1.4313766645259176,0.013869625520110958,47.246424855616574
33,2025-01-21 06:00:00+00:00,AXSUSDT,FILUSDT,6.369136345475888e-05,0.8588336585709441,-0.014921445364355697,1.7780748436927345,0.45285123376862796,0.03477616070656683,False,1,0.04326793836296018,0.2204031876622788,False,0.8598503157319892,-1.7605146148597828,0.0,2.861479403989246
33,2025-01-21 06:00:00+00:00,BCHUSDT,ETCUSDT,0.000214071758316205,0.8452641767963469,-0.012671878648089697,2.168663447701672,3.349824819140092,0.03997082250459612,False,1,-0.04244173333467288,0.2925220906867415,False,0.7888312283578495,-2.2409352848482067,0.0,3.1359367467004025
33,2025-01-21 06:00:00+00:00,BCHUSDT,ETHUSDT,0.00013595847172051943,1.1027305695284708,-0.011409650902880599,2.498877507158911,-2.8203759521933804,0.050523149397814576,False,1,-0.012682738895222798,0.25408504803568954,False,0.737948375861965,-1.3549381780184238,0.0,3.7243458742375233
35,2025-03-22 06:00:00+00:00,AXSUSDT,ICPUSDT,8.775510109022891e-05,1.0888633788203095,-0.014845765814106014,1.7457648678631872,-0.7014448489415765,0.04346925526855576,False,11,-0.12678405073161755,0.7082018998409962,False,1.8521836798764826,-2.4431391007220387,0.31484049930651875,7.144317406024389
35,2025-03-22 06:00:00+00:00,AXSUSDT,MOVRUSDT,0.00045408374538165384,0.8813314220970486,-0.011030316453058034,2.6166006665953794,-0.3900118496192188,0.05825511713885613,False,10,-0.13091341508244153,0.9876534974838311,False,1.505614143664761,-2.0158840155415545,0.0970873786407767,23.310941468359136
35,2025-03-22 06:00:00+00:00,NMRUSDT,GTCUSDT,0.00012206338694031802,0.7913391346594946,-0.013474023938456581,1.924220518565023,3.015337504091004,0.05247022074910114,False,1,0.0382770860820047,0.027256896603872812,True,0.5295157268056087,0.3141110262531716,0.0,0.8583992040004708
35,2025-03-22 06:00:00+00:00,TRBUSDT,ARUSDT,0.00011403860754726226,0.802001369449493,-0.010982175849590695,2.803478349324078,1.8237023996779285,0.06854633671476705,False,0,0.0,0.6119221184109904,False,0.5814846175545356,-0.20507211900815597,0.0,1.9198708602002599
35,2025-03-22 06:00:00+00:00,TRBUSDT,FETUSDT,0.00022104922513983708,0.8505367641245731,-0.010510819973437462,2.879186891119797,3.8680191950434204,0.072949677488245,False,1,-0.014376781848834135,0.9539098356777201,False,1.0541466717288868,-0.04232567870642494,0.0,9.785489661593397
36,2025-04-21 06:00:00+00:00,TRBUSDT,MINAUSDT,6.518251168821434e-05,0.9069514894905055,-0.012257639758708876,2.430710291741168,4.576074489071341,0.06099820511027107,False,1,-0.00750337813424202,0.14994419116337182,False,0.507267370246611,2.0314813301482997,0.0,1.089748942379426
36,2025-04-21 06:00:00+00:00,NMRUSDT,GTCUSDT,1.60252996000107e-05,0.7801935883141266,-0.016386531208139456,1.5935279688321682,3.0074219674030616,0.04716896152003753,True,2,0.04712076957806044,0.025907008815622665,True,1.0623496261465013,2.118248057338527,0.0,1.1820889787615496
36,2025-04-21 06:00:00+00:00,TRBUSDT,ARUSDT,0.00010467106431319153,0.8187678746105748,-0.01154194584518702,2.648985394509265,1.7859260952657792,0.06641091183021994,False,0,0.0,0.48572461141082157,False,0.7098243110547946,0.4133250536957097,0.0,2.348866964146846
37,2025-05-21 06:00:00+00:00,TRBUSDT,DOTUSDT,1.7256866983535947e-08,1.3527851815066516,-0.0177229218219255,1.5674089494975458,1.4197879783188698,0.05973417398229789,True,2,0.001877055487543194,0.4722610174656236,False,3.8088346316357975,6.775868056812204,0.7961165048543689,5.299113140710299
37,2025-05-21 06:00:00+00:00,SHIBUSDT,DOTUSDT,2.0716198463184e-08,0.979711125128635,-0.016697478549162263,1.6981817901377658,-12.640931360333829,0.04550622215030492,True,0,0.0,0.3093762957843257,False,0.2887176116082378,0.06067109872757733,0.0,1.2845379138931468
37,2025-05-21 06:00:00+00:00,DOTUSDT,NEARUSDT,5.647743686595751e-06,0.7562454611153815,-0.012727120579312088,2.266928438027934,0.7078001401850593,0.04506920479974058,True,0,0.0,0.16124194972227923,False,0.35290310380791573,0.40998211457094574,0.0,1.604213977022102
37,2025-05-21 06:00:00+00:00,DOTUSDT,MOVRUSDT,8.254587172929689e-06,0.7440611293218039,-0.016911030356008258,1.5979273796264575,0.0907618243704786,0.04173784219245824,True,2,0.043127869840766136,0.32236229147385553,False,0.6309629302643144,-1.3032934158112854,0.0,1.568566573339021
37,2025-05-21 06:00:00+00:00,SHIBUSDT,AVAXUSDT,1.6991980931130557e-05,0.8509169045579007,-0.014052617167302153,2.0258820606113783,-13.809812643843955,0.04179884967867194,True,0,0.0,0.07866739268217054,False,0.4719866575121568,-0.6910595171003089,0.0,1.1824579930457462
37,2025-05-21 06:00:00+00:00,ADAUSDT,ETCUSDT,3.836027854146316e-05,0.7181700375547835,-0.013069767847823193,2.299424647130596,-2.406222615590313,0.06201131435255313,True,1,-0.006088053304601159,0.4843632401288169,False,0.7548214009388484,-0.3852708979108218,0.0,32.428767630593434
37,2025-05-21 06:00:00+00:00,DOTUSDT,ARUSDT,8.205644170806595e-05,0.5928635620326672,-0.010927859603782073,2.5625780377628344,0.2973929557938279,0.052238730758510994,True,0,0.0,0.09943180280625663,False,0.5371498227301442,0.11987132321007914,0.0,2.376107577733449
37,2025-05-21 06:00:00+00:00,NMRUSDT,DOTUSDT,8.94643762209639e-05,1.1754503267334906,-0.01333703640174994,2.008479597522886,0.45931354850489214,0.06430575360694848,True,2,0.04557912413230653,0.0002728299018199514,True,0.8421256600271011,-0.18564021730220986,0.005547850208044383,1.3202859507238809
37,2025-05-21 06:00:00+00:00,DOTUSDT,MINAUSDT,0.00010091991919263535,0.6323651190359069,-0.01009028926071434,2.7234318080625832,2.301650647472298,0.05145925831853664,True,1,0.03882946211097843,0.3537883796839573,False,0.34754160095129116,1.918767045497982,0.0,1.608655831505299
37,2025-05-21 06:00:00+00:00,ADAUSDT,NEARUSDT,0.00010358375143410301,0.45660732396028986,-0.012346194464852123,2.4379034280569143,-0.7914494277278719,0.06878576169582552,True,0,0.0,0.0005468340227760057,True,0.5175401462287769,-0.017680677825476925,0.0,6.485478766366132
37,2025-05-21 06:00:00+00:00,TRBUSDT,DASHUSDT,0.00013207310980189337,1.361342803995586,-0.008968567733086793,3.0801596285397608,-0.8803483661270884,0.10197644874718938,True,6,-0.11720944405027778,0.4297032486191189,False,2.0172719924063145,4.140773130753959,0.7128987517337032,5.063557980603417
37,2025-05-21 06:00:00+00:00,TRBUSDT,MOVRUSDT,0.0001555327067883331,1.0076325599279792,-0.014813105389778366,1.7262254053780477,1.5402507750368297,0.05166153049790438,True,2,0.02022849162698667,0.42675437043290865,False,4.144405147023108,6.416312029248663,0.7933425797503467,5.109339203807179
37,2025-05-21 06:00:00+00:00,ADAUSDT,TRBUSDT,0.00015904692386890944,0.43948596365877207,-0.011739885528446034,2.5869316269427807,-1.8271340435387402,0.07460349806490679,True,15,-0.21242017077074302,0.931311203603911,False,1.6398760206207434,-2.583726328048909,0.11373092926490985,6.816704295909845
37,2025-05-21 06:00:00+00:00,ETCUSDT,NEARUSDT,0.00020105573630833096,0.637953956740265,-0.013519145337637994,2.1241397513294697,2.2456441282460555,0.03597195931945901,True,1,-0.0020410254778509135,0.16219678641862711,False,0.5657400801451996,0.9006549250835368,0.0,3.392183260908418
37,2025-05-21 06:00:00+00:00,ADAUSDT,ARUSDT,0.00020355428141309166,0.3547712723025895,-0.011734614913744142,2.5595027103015284,-1.0317470852019486,0.07455052032188339,True,0,0.0,0.021297265889485353,True,0.5985001804714145,-0.1351969196615026,0.0,5.234295598739545
37,2025-05-21 06:00:00+00:00,MINAUSDT,ICPUSDT,0.00023945888792578762,1.3187455143419713,-0.012212612995540165,2.1719903734215085,-3.6096514349188533,0.05414810958995905,False,1,-0.050591854564590866,0.9667829979156314,False,2.7421479417289643,-2.693127799795171,0.3897364771151179,16.312892349229454
37,2025-05-21 06:00:00+00:00,SHIBUSDT,DASHUSDT,0.00025336689818262993,0.9811305783715953,-0.00824105966908101,3.4396025733917406,-14.290626627421231,0.07900829140388943,False,0,0.0,0.01790895536751574,True,0.2692347123365761,0.178434102227292,0.0,1.20203492909594
37,2025-05-21 06:00:00+00:00,ADAUSDT,FILUSDT,0.0002607773212138749,0.5142416552246989,-0.011632547221716106,2.57802354772068,-0.8832124626089275,0.0671362203405401,False,0,0.0,0.04344690331505444,True,0.6515632390542279,0.23990567604802795,0.0,10.535091266500656
37,2025-05-21 06:00:00+00:00,ADAUSDT,INJUSDT,0.00030059744181911487,0.4067360157021567,-0.0117746482483661,2.541589841766081,-1.296774518054951,0.07170098043592645,False,1,-0.048587898974639006,0.23149274822750854,False,0.7716725986961542,-1.5188357680815148,0.0,7.2873676730608326
37,2025-05-21 06:00:00+00:00,SHIBUSDT,MOVRUSDT,0.00039923014895959513,0.7267862488097712,-0.011845846356737296,2.3332601294485804,-12.547323876691028,0.049061414113845424,False,1,0.026116489966338474,0.30949442035099883,False,0.5561144767543472,-1.0428578075688486,0.0,1.634261801150194
38,2025-06-20 06:00:00+00:00,DOTUSDT,NEARUSDT,0.00023950248793741825,0.6919387274939595,-0.01119444048565325,2.4235748750962993,0.7795948863592621,0.032837922897521875,False,1,0.015060505162688973,0.10000190359019329,False,0.6164760093608868,-2.1616204966656056,0.0,1.856615404421893
38,2025-06-20 06:00:00+00:00,SHIBUSDT,AVAXUSDT,0.00027041072162193756,0.8247534377203375,-0.01193114453045281,2.325962857326807,-13.73643496247195,0.03283686117493046,False,0,0.0,0.00045163275104807805,True,0.38334720225496893,-0.26719268764969084,0.0,0.4501759231121185
38,2025-06-20 06:00:00+00:00,DOTUSDT,DASHUSDT,0.0008392276669419502,0.9305376970108166,-0.011168887005950685,2.3981305090206098,-1.462834661112606,0.03798544138165078,False,1,0.03906877835393335,0.21873499781787503,False,0.8755169307780059,-1.862080117430497,0.0,2.939297945928955
38,2025-06-20 06:00:00+00:00,GTCUSDT,C98USDT,0.0008114561661380263,0.8951905259288955,-0.012291019379130115,2.0093962627571162,1.3066252458074308,0.04264920434899935,False,4,0.18354002104228984,0.00597601830009871,True,0.5854878854662436,1.18494086680616,0.0,0.44645415100093544
38,2025-06-20 06:00:00+00:00,ADAUSDT,NEARUSDT,0.0008833572827100404,0.4730567570024047,-0.010106091661906826,3.0294142000129933,-0.808421964766654,0.06616931823711646,False,2,0.11336045138452756,0.22557830882106672,False,1.296615410620139,-0.7551069540690111,0.0,inf
38,2025-06-20 06:00:00+00:00,ADAUSDT,HBARUSDT,0.0004084518923258636,0.6166584931674173,-0.011331342646442626,2.6958210691456705,0.685999665046395,0.060013426463891156,False,1,0.04835282227163281,0.02129945346479732,True,0.38768654105096306,-1.2121637836525223,0.0,0.9093896894286417
38,2025-06-20 06:00:00+00:00,NMRUSDT,MINAUSDT,0.0008919126988303289,0.6230797645326281,-0.010382577944286778,2.713250252531848,3.034220715387368,0.06518267951358896,False,1,0.02244373669220052,0.020972676073849207,True,0.3105175555040744,0.9173722786905976,0.0,0.5253519483894525
38,2025-06-20 06:00:00+00:00,NMRUSDT,C98USDT,0.0006237871156835686,0.5687803748368992,-0.010626135412644105,2.624930762448966,3.7314933057052544,0.06518247091765161,False,1,0.09914251634839802,0.02169289433398196,True,0.40659194708943397,0.686295164648488,0.0,0.6505389903789475
38,2025-06-20 06:00:00+00:00,NMRUSDT,DOTUSDT,0.00015061132002143043,1.132777348746143,-0.012668852721263824,2.2041717086229515,0.5218162325007298,0.06184259124659166,False,1,0.06364325902953925,0.010418574426308053,True,0.6938227158457994,0.8288665576481086,0.0,1.8997201422119179
38,2025-06-20 06:00:00+00:00,NMRUSDT,NEARUSDT,0.000499767165812283,0.780592294268307,-0.010813620241491337,2.5758918710407515,1.4085872429362027,0.06484297516173547,False,0,0.0,0.0025007006825592012,True,0.45032521545770154,-0.464868315301569,0.0,0.8969085127019328
38,2025-06-20 06:00:00+00:00,NMRUSDT,MOVRUSDT,0.0002922955549489364,0.8436597937327808,-0.01175179554077623,2.3236496491635124,0.6113513763998667,0.06253565045255555,False,1,0.03464063764703167,0.05611505764115824,False,0.47112210134955645,-0.9230774788434772,0.0,0.8997092980453548
38,2025-06-20 06:00:00+00:00,NMRUSDT,ARUSDT,8.04861639192404e-05,0.6190855669176011,-0.012794543465929524,2.204572992293875,0.9668538431309903,0.06023110016822403,False,1,0.07969239160362523,0.13536779381301456,False,0.6823137657783952,-0.15855280331036373,0.0,1.7582144882520983
38,2025-06-20 06:00:00+00:00,NMRUSDT,GTCUSDT,0.0001332303018489887,0.6422526706384563,-0.012758321739059112,2.159773997698499,2.9078446517427308,0.05987718321952868,False,0,0.0,0.037870658675405046,True,0.4146878448415392,0.26217141606704863,0.0,0.6098578781598222
38,2025-06-20 06:00:00+00:00,NMRUSDT,DASHUSDT,0.00021708308242357767,1.0526895275340002,-0.011952328254087126,2.3121282700814167,-1.130683500091845,0.06437260375378585,False,0,0.0,0.0003046471717854448,True,0.26734148660851076,-0.45340358843230144,0.0,0.2822222597743442
47,2026-03-17 06:00:00+00:00,DOGEUSDT,INJUSDT,3.538718539216799e-05,0.6883204131276421,-0.013550981332847423,1.8996956039516324,-3.123879885380049,0.030833843077591985,False,1,0.02049062248976405,0.0016572851266852568,True,0.4879767847819039,0.0013503182680827941,0.0,1.098256987075308
47,2026-03-17 06:00:00+00:00,XRPUSDT,ETCUSDT,0.0006851755832826303,0.8907441069277118,-0.013687095417523179,1.9504093171349013,-1.5668051640361502,0.034628120331458345,False,1,0.04612570071333224,0.5980227142083498,False,0.9416755946166263,-0.2762106727035223,0.0,3.1337862936119425
47,2026-03-17 06:00:00+00:00,TRBUSDT,XRPUSDT,0.00042261987303893964,0.9954710279611347,-0.011187952804760171,2.308891150632465,2.3606907140851523,0.05505252631776503,False,1,-0.05276495333978733,0.9725700333497318,False,0.3898126990776095,1.1360354698270934,0.0027739251040221915,inf
47,2026-03-17 06:00:00+00:00,ETCUSDT,RLCUSDT,0.00011698737763141638,0.8416342710973246,-0.019560280895505728,1.3395570671921144,2.8802550314186317,0.036252540234083426,False,1,0.049156813347611385,0.09026640600476304,False,0.7040514853803611,-0.5682430534131675,0.0,0.7422123214238093
47,2026-03-17 06:00:00+00:00,GTCUSDT,DOGEUSDT,0.00027654125563876796,1.173877033150566,-0.013394382716248179,1.8671776765795418,0.3712016063063799,0.05636608495616648,False,4,0.18824886906936888,0.004646221861360287,True,0.7549586838839212,-1.880223354116299,0.0,0.3854555810078604
48,2026-04-16 06:00:00+00:00,INJUSDT,DOGEUSDT,8.392898628915357e-06,1.4060089359046812,-0.014491254774475243,1.8067535878943772,4.436662748849865,0.04106607306878728,True,4,0.023336875027475154,0.7689792835461102,False,2.2018427925168327,1.810818181271655,0.14840499306518723,4.900267071657947
