window,trade_start,n_selected,static,rolling,distance,bh_ew,btc
0,2022-05-07 06:00:00+00:00,4,-0.1080273483792692,-0.020810627402729986,0.0033751288283234704,-0.3312706718003008,-0.13175594272255842
1,2022-06-06 06:00:00+00:00,4,-0.1804388577861018,0.038288327003243694,-0.008997275042595398,-0.23533472236562325,-0.3567952824997881
2,2022-07-06 06:00:00+00:00,1,-0.0038833180530496447,-0.004676217070036404,0.0006269287312543614,0.35836431000391467,0.15670827331096526
3,2022-08-05 06:00:00+00:00,13,0.015583022700302207,0.028247665088096285,0.00579153139048616,-0.1441701135661202,-0.1475136892199943
4,2022-09-04 06:00:00+00:00,5,-0.0026532325549952773,-0.01945997728362847,0.0214210022134107,-0.042126239733590976,-0.007984735674138377
5,2022-10-04 06:00:00+00:00,0,0.0,0.0,-0.039573164024405805,0.09783708991815487,0.039078339227950565
6,2022-11-03 06:00:00+00:00,0,0.0,0.0,-0.0657809856069973,-0.2068214088974708,-0.16494573178541938
7,2022-12-03 06:00:00+00:00,0,0.0,0.0,-0.0215821976338757,-0.15723698391155616,-0.021669210304701814
8,2023-01-02 06:00:00+00:00,0,0.0,0.0,-0.004801486494511731,0.5513782605138591,0.3887105513233742
9,2023-02-01 06:00:00+00:00,0,0.0,0.0,0.01736238932832146,-0.016058796221163796,-0.03360357667633962
10,2023-03-03 06:00:00+00:00,1,0.0,0.0,0.0035585217907914135,0.03353152573098228,0.2742934768013321
11,2023-04-02 06:00:00+00:00,0,0.0,0.0,-0.02009553949096865,-0.05071318191631169,-0.016508599751106412
12,2023-05-02 06:00:00+00:00,0,0.0,0.0,-0.0038903090586152045,-0.10151124762038577,-0.0411003424641635
13,2023-06-01 06:00:00+00:00,4,-0.06961556306462069,-0.2808829158943461,-0.038554734436028304,-0.01200386099850903,0.13334326534868968
14,2023-07-01 06:00:00+00:00,5,0.013696160157566029,0.042521277938587954,0.03250948852024993,0.01913713776299808,-0.03448445843093684
15,2023-07-31 06:00:00+00:00,6,-0.023644049226346775,-0.052135981452169355,0.012246866881264307,-0.11642063209510234,-0.06504352277500414
16,2023-08-30 06:00:00+00:00,0,0.0,0.0,-0.03455991977308259,0.04304766394096715,-0.017908525379843332
17,2023-09-29 06:00:00+00:00,0,0.0,0.0,-0.004515121230343588,0.18689191907784064,0.2615269018808879
18,2023-10-29 06:00:00+00:00,0,0.0,0.0,-0.0551130865802435,0.21248698669030675,0.08466679497595342
19,2023-11-28 06:00:00+00:00,0,0.0,0.0,-0.0022316390562157062,0.6365381193033086,0.1708915591367559
20,2023-12-28 06:00:00+00:00,0,0.0,0.0,0.0036604907558945854,-0.13797818323550626,-0.03376821207528313
21,2024-01-27 06:00:00+00:00,0,0.0,0.0,-0.004515904754924693,0.25629778292574423,0.23481651472805232
22,2024-02-26 06:00:00+00:00,2,-0.09614959098285125,-0.13019118447114741,-0.006433877286614709,0.4454382849507239,0.3666169598014333
23,2024-03-27 06:00:00+00:00,1,0.1254157902400197,0.12655873065863976,-0.02318687232753791,-0.235062463137525,-0.08401666007568154
24,2024-04-26 06:00:00+00:00,0,0.0,0.0,0.013958037716548022,0.07774218302806579,0.07103526830797202
25,2024-05-26 06:00:00+00:00,1,-0.028731408506252554,-0.029415127524947904,0.0012521244959837752,-0.22066208893468364,-0.11737976499719527
26,2024-06-25 06:00:00+00:00,6,-0.0698586571912041,-0.13027583436631796,-0.013127763966568673,-0.014038455115430337,0.05307746901588417
27,2024-07-25 06:00:00+00:00,0,0.0,0.0,-0.04348064368616855,0.004550339045989338,-0.004279755959145981
28,2024-08-24 06:00:00+00:00,20,0.004790347707668063,0.0044993340838450635,0.002394578373089651,-0.033606043035907085,-0.0036566242597446674
29,2024-09-23 06:00:00+00:00,4,0.025462259752325522,0.04455556716819209,0.02495726917676988,0.022372553474561352,0.05228001380305458
30,2024-10-23 06:00:00+00:00,0,0.0,0.0,-0.020470867518164404,0.4092288012069769,0.47257861650220057
31,2024-11-22 06:00:00+00:00,0,0.0,0.0,0.048623193222517624,0.05722928985611708,-0.026670251339776407
32,2024-12-22 06:00:00+00:00,2,-0.05242416177218456,0.0012814873263917725,0.0008850019808959164,0.0022070291126641273,0.054180495296247244
33,2025-01-21 06:00:00+00:00,3,-0.0045629678612572055,0.017481804210413676,-0.023615845046529693,-0.19655234160948498,-0.04395942307271061
34,2025-02-20 06:00:00+00:00,0,0.0,0.0,-0.0321142619121052,-0.18873679946867483,-0.129880211524117
35,2025-03-22 06:00:00+00:00,5,-0.04594808684787555,-0.044759741130431796,-0.009307412652271307,-0.08243000919955268,0.0382658173956667
36,2025-04-21 06:00:00+00:00,3,0.011846516953331276,0.039536920276903365,0.004299691429847208,0.22474281634136206,0.22834951456310826
37,2025-05-21 06:00:00+00:00,20,-0.01304527489861862,-0.01989266190950223,-0.007420953736684499,-0.13637820297867176,-0.027499209611130504
38,2025-06-20 06:00:00+00:00,14,0.05100210370177738,0.03142381346486012,0.009385360881202676,0.2951558123493512,0.12680853448134055
39,2025-07-20 06:00:00+00:00,0,0.0,0.0,-0.0017712166896711734,-0.0570524364085051,-0.02438765683377042
40,2025-08-19 06:00:00+00:00,0,0.0,0.0,-0.004179425642306889,0.11192449720214337,0.020008715097209917
41,2025-09-18 06:00:00+00:00,0,0.0,0.0,-0.030663039346625953,-0.16517905377198638,-0.08920047997260339
42,2025-10-18 06:00:00+00:00,0,0.0,0.0,-0.013430848277739549,0.02303661462868023,-0.10944185194769318
43,2025-11-17 06:00:00+00:00,0,0.0,0.0,0.0330599907942728,-0.20233052558632292,-0.08932005337103632
44,2025-12-17 06:00:00+00:00,0,0.0,0.0,0.03133634613341485,0.11989845511440311,0.10428669600568563
45,2026-01-16 06:00:00+00:00,0,0.0,0.0,-0.012114521421778157,-0.24618677114949272,-0.2654470184466141
46,2026-02-15 06:00:00+00:00,0,0.0,0.0,0.04561916505273689,-0.016547419063095647,0.0536396499041325
47,2026-03-17 06:00:00+00:00,5,0.05091171464875277,0.025305951855446818,0.019054986383538974,-0.025733821839533877,0.013597843449075109
48,2026-04-16 06:00:00+00:00,1,0.021906926244047442,-0.03873834145947974,-0.023952177181877254,0.08699355883161641,0.05308775659124487
49,2026-05-16 06:00:00+00:00,0,0.0,0.0,-0.0032295381710576443,-0.15531324781432165,-0.1666430250684059
50,2026-06-15 06:00:00+00:00,0,0.0,0.0,0.0008769039676226331,-0.01084833832751586,-0.013877583000152516
51,2026-07-15 06:00:00+00:00,0,0.0,0.0,0.00304493839905029,-0.06633071253378131,-0.024085805537874094
52,2026-08-14 06:00:00+00:00,0,0.0,0.0,-0.022050814994303614,0.3535841289180768,0.21997818548898174
